x,y,z
581536.59,5244599.62,1776.25
581549.5238539678,5244591.970627314,1776.25
581578.2886063716,5244569.793828431,1776.25
581603.2825793844,5244526.159036311,1776.25
581616.9019135507,5244510.235368824,1776.25
581624.547509036,5244500.642830543,1776.25
581642.0922321627,5244457.170818118,1776.2500000000002
581667.9392767495,5244433.095389268,1776.1958132541286
581688.0849380896,5244420.174022199,1775.5447650913777
581722.78449741,5244393.353992992,1773.4920361353802
581734.263950218,5244384.492769457,1772.8173285789157
581753.4554171051,5244363.399619328,1770.7568782595822
581767.1835826334,5244350.421311919,1770.6508987491145
581777.1731944426,5244339.360488181,1769.881483528831
581791.6642999342,5244322.4338082615,1767.9318342417528
581795.8206267509,5244316.989953604,1767.518586087061
581807.5236261021,5244307.169041957,1766.5932746183853
581821.4776062357,5244308.3152118055,1765.6278808980237
581834.296882605,5244301.461565081,1763.8463583022494
581851.50524442,5244272.924791087,1759.156865914097
581872.8393225371,5244241.137990146,1756.2826257434986
581887.7835864136,5244224.403715586,1756.2206673810667
581901.8760605034,5244215.320769815,1753.362401724759
581909.5652511389,5244212.276363316,1752.5120818225598
581931.5846493774,5244201.117439488,1748.2141209529268
581938.2411846136,5244197.620329591,1745.84582644336
581958.4455168704,5244187.719346928,1744.0458035990036
581976.2951659606,5244184.607129871,1741.5175966460927
581990.5119306085,5244176.496264261,1738.5424038253573
582005.3373132268,5244171.460808006,1736.9352642467056
582024.5464824132,5244162.579683858,1735.5100923070167
582032.3485535369,5244165.750486782,1734.7262544476869
582048.0099478259,5244160.779015227,1733.1246077772457
582062.8185264438,5244155.77647941,1730.8171636523089
582074.286506469,5244148.303186923,1728.242819304791
582093.1889902198,5244141.747553761,1725.3191122778198
582102.917853513,5244138.8441916555,1724.372334852258
582112.1480133659,5244132.436006255,1721.7518596707278
582118.4775549383,5244120.8047373695,1719.9403792173403
582130.6030126358,5244112.465836242,1717.8374912314316
582127.9293926324,5244102.279265556,1716.1259955854266
582130.39474332,5244098.522469183,1715.1710428195913
582139.3714202396,5244089.482216974,1713.7901567390954
582143.3954398078,5244081.311939599,1712.0074008475135
582154.4788440315,5244072.9890282685,1709.484124146839
582161.4754335472,5244071.48062028,1708.3375694323743
582177.7571655738,5244065.268746928,1706.41343695761
582195.1494852107,5244059.9699076,1703.3179605354405
582206.5802910876,5244053.355576143,1702.0031264538916
582234.9267576421,5244039.70896651,1701.2187721652551
582241.1162071984,5244038.632676225,1699.6247521801133
582249.2094662742,5244040.380052506,1698.3084635492914
582261.2668873864,5244043.91498265,1695.664882181648
582281.4293987536,5244044.49854992,1692.7384789370626
582298.5311630149,5244059.817983602,1689.3788427418567
582309.0843894151,5244054.710942991,1687.755978982043
582318.8987778836,5244057.011595644,1685.2659081440615
582333.7307734224,5244060.425481515,1683.8376678400641
582350.2602265296,5244058.663249691,1680.4661197769349
582369.1387566485,5244067.47841112,1677.8018956411393
582392.9105683927,5244075.117227325,1676.7777188830628
582405.0014034566,5244076.152890996,1675.0019771444154
582431.0498618883,5244080.699038838,1671.9719452385539
582441.2856300976,5244080.045324343,1669.8844459887296
582451.5314585551,5244080.229472163,1666.590327943721
582461.2116644547,5244077.9537657015,1664.0524735281801
582472.5637511406,5244075.334728671,1662.020303988455
582463.1408271986,5244062.206462715,1655.3529329971846
582470.8846515866,5244057.000718244,1649.5462221668352
582472.2246996752,5244049.229432057,1641.2641068330072
582482.6547684014,5244045.407107714,1633.251796346573
582481.4947475987,5244037.724232975,1630.8986568717064
582501.5512906163,5244035.642712639,1628.1032695478439
582519.1274542335,5244034.828447577,1621.402729636272
582520.6623999706,5244031.944567692,1618.911836967427
582537.6412716621,5244032.27915599,1612.587856381681
582541.2174003515,5244030.777274785,1608.0756619844797
582564.7643614357,5244031.310066255,1603.702100970767
582590.9401381937,5244031.8194526285,1599.1909944624986
582606.9042063645,5244031.90088498,1590.520552279379
582611.0173185439,5244031.890062665,1583.4499156522616
582629.6548646503,5244032.41665349,1580.3441657134024
582656.4589864457,5244033.31270062,1575.6752833832345
582679.9048165669,5244034.742928966,1570.080454169189
582693.3574511381,5244035.442650961,1568.1036907542255
582703.8346533243,5244036.774778627,1559.7311575350761
582722.1212172096,5244038.160771359,1553.6187946491161
582730.6073139439,5244038.588890093,1552.1450956458054
582759.4655152615,5244041.028789239,1547.365401679963
582781.6448198534,5244036.577220724,1542.4293298417401
582795.8896665707,5244033.737886287,1540.6760167260595
582808.6704146246,5244023.492573894,1535.4211636750204
582825.0850130181,5244020.467861589,1531.7255266532295
582833.3737381519,5244012.523964808,1527.0014007372683
582851.414387734,5243996.504016576,1519.5700696965532
582856.9414858765,5243992.173984108,1518.0438707254466
582879.3328562408,5243980.908066358,1511.592250694811
582882.9686629621,5243978.684060413,1509.9406354888874
582889.564878929,5243966.023554367,1506.4319438953255
582901.5407566797,5243966.367389744,1502.49718693549
582917.5511403542,5243960.997470888,1498.0579789163553
582918.9316199578,5243956.248176514,1495.4293072817165
582929.5682851971,5243945.645743722,1490.9182302560844
582947.000938604,5243941.2178162765,1487.265408079575
582954.6728293486,5243928.774712026,1483.047436527858
582960.9424915228,5243918.019217434,1479.553813751757
582979.5897192808,5243914.3075633515,1473.9997813748073
582984.824730213,5243907.533190139,1471.597290782377
583000.0978753872,5243892.649313896,1465.5615844855406
583026.7353930918,5243877.555765365,1458.3919147445185
583039.7724176134,5243864.51979512,1456.4506762242786
583048.9110435186,5243861.132547988,1452.287019890615
583057.5531534402,5243853.269084224,1447.6679915796176
583081.5207697091,5243839.258557393,1439.076249424343
583107.4509977651,5243823.829953523,1434.1132514974208
583117.4891023329,5243811.009769493,1428.239072179536
583126.681508189,5243804.560439244,1422.5544237144852
583140.459259956,5243796.529353714,1416.7896590147052
583151.636033212,5243783.027506367,1411.4429158035555
583168.7771001194,5243771.109132566,1404.7260144898207
583179.3124078185,5243756.00753316,1402.3777924308606
583180.7965414413,5243753.639077674,1393.7460207902602
583187.7511256723,5243749.220281811,1390.4377767949336
583209.2502338641,5243730.66928286,1383.5502270793936
583227.1146529871,5243710.097023117,1377.678319578925
583230.075950143,5243707.003906763,1373.8071494795568
583238.0451481185,5243700.5267718835,1366.6767505881462
583257.7913404027,5243677.973062881,1363.7500000000005
583267.7133312336,5243667.120891698,1361.296693969513
583288.0868686629,5243639.4103881335,1349.1364127417874
583288.0917831484,5243637.653232713,1343.246831882868
583305.0410869559,5243611.837644926,1336.2500000000005
583315.9881700518,5243598.221840316,1336.2500000000005
583363.3566230079,5243540.416915106,1336.2500000000005
583383.4368987388,5243531.403195807,1336.2500000000005
583442.7583248405,5243507.9591897745,1336.2500000000002
583472.9152681842,5243485.466856979,1336.2500000000002
583511.7737177548,5243484.501296772,1336.2500000000005
583525.4075229684,5243485.441621127,1336.2500000000005
583573.9132957215,5243465.442222957,1336.2500000000005
583610.3408118837,5243387.522679145,1336.0361890193271
583598.7428436097,5243324.922548558,1335.4394648308394
583606.5925685145,5243312.368959721,1335.3867091679194
583656.8932304542,5243317.91836756,1335.1797992915053
583708.1478222134,5243332.004228344,1334.4575248370313
583719.0122136717,5243323.226420157,1334.0213037543945
583730.1883227417,5243293.368568376,1333.7195245016187
583776.0234200828,5243291.089980499,1332.955725146883
583827.4997947817,5243295.78034979,1330.725387048456
583880.2220947512,5243313.215035831,1329.1599648554338
583893.2638048512,5243306.034437591,1328.9700950744964
583916.0312110662,5243305.446259113,1328.1578310715213
583931.1279024523,5243300.715599803,1328.015414594448
583938.2906791964,5243282.789915844,1326.9825205972409
583953.0432784394,5243287.34250326,1325.9535361084554
583962.2039526071,5243277.110452119,1325.3903744529284
583978.7202573798,5243284.791123408,1325.4290518677462
584010.74339336,5243299.912297294,1325.4126129584592
584015.0156973895,5243286.951614792,1324.958251711229
584024.9739099422,5243279.9948114045,1324.3050522359235
584047.0673460789,5243279.239923459,1324.086533454592
584066.0917297591,5243244.565477437,1323.6631902576353
584073.0336195639,5243235.94587845,1323.5357599578488
584080.6524495501,5243226.451823796,1323.0138038656405
584090.9776764057,5243211.826151949,1322.7061333886281
584106.4496835038,5243190.943493975,1322.344312493722
584119.4633276248,5243164.39263381,1321.8557289112564
584138.6543169309,5243130.635402827,1321.1819905524421
584152.6743462875,5243122.301459826,1320.5042689737425
584164.6213664596,5243118.677923919,1320.0569216224499
584175.5055945565,5243121.630585163,1319.3567189984833
584191.5119090573,5243130.3582735965,1318.7929209848694
584217.1505365531,5243140.104480812,1316.886079624646
584229.3089281603,5243142.202352332,1316.4425442048346
584239.7030721775,5243138.1447772775,1316.4425442048341
584256.7497722617,5243140.855316704,1316.2544279128938
584267.2800363689,5243147.663410202,1315.755726806386
584280.3580753254,5243158.840381882,1314.789523553585
584297.7749790406,5243174.497892075,1313.0742195435557
584310.3421803328,5243186.661450637,1312.4738238218001
584324.6590948215,5243196.104647585,1312.0865866617119
584341.6177033893,5243194.806979051,1310.715454837543
584359.3283803258,5243192.870190298,1310.09612380905
584373.8479163924,5243191.135173721,1309.3330222438522
584386.4175083333,5243193.840544821,1307.484742469723
584402.4589634683,5243201.5291737225,1306.6416484794813
584418.5605473021,5243201.345283559,1305.795980678924
584432.0643005562,5243195.866746102,1304.6762232394556
584441.2950273452,5243191.753159792,1304.4169610767947
584464.771934996,5243204.233299077,1302.2753070802278
584483.8277648838,5243215.0347561585,1301.9421395179043
584500.9230924262,5243245.622730393,1300.3641196417284
584516.6210510536,5243263.54204147,1298.9397957611718
584519.1442039089,5243274.2232562695,1296.9640124404505
584538.7815982201,5243266.1520256335,1294.5003948377364
584566.9539344435,5243249.286734358,1293.5326142524814
584587.7044702878,5243274.181261125,1291.371281054528
584615.689549118,5243298.948018003,1291.1157034641783
584630.1750264285,5243291.309571157,1288.7552173224722
584632.921376383,5243290.311259202,1288.5180683251788
584670.674189296,5243272.338116155,1288.4535757180133
584673.5911966328,5243282.046093894,1287.933014255743
584683.1396065371,5243286.0840595495,1286.3949120563598
584725.6236388078,5243294.543950207,1284.6921982094707
584807.9060759023,5243337.124648399,1284.5962827975186
584814.157196732,5243337.56399372,1283.0257206345873
584828.2834189031,5243352.179096896,1281.2500000000005
584878.9767286603,5243384.353461372,1281.2500000000005
584940.0026822257,5243368.572499584,1281.2500000000005
585002.37671783,5243340.909285354,1281.2500000000005
585032.3935161788,5243353.232650936,1281.2500000000005
585068.438042246,5243359.0545863435,1281.2500000000005
585093.8677062641,5243365.543395594,1281.5495483764125
585105.2737499353,5243419.074285644,1281.7530739249444
585104.5817923573,5243427.258910486,1282.1565287082676
585102.4404710394,5243447.819595677,1282.999986889989
585102.6395174285,5243464.151700639,1285.4643351864563
585102.4440304458,5243486.876895045,1288.9065531329497
585098.8512083432,5243504.067088272,1291.7915786668323
585099.0700296997,5243513.742073244,1293.9031483308404
585099.4664942621,5243529.228863787,1296.5565700491409
585100.2111465966,5243537.481874112,1298.9276569061276
585097.5464921169,5243550.826990114,1301.500271860818
585097.4999846705,5243565.113532078,1304.1745691467977
585097.9960138532,5243576.072337675,1304.8083739449983
585099.4308483528,5243599.473234373,1308.6912884285057
585100.6811065786,5243608.502553514,1312.916399086843
585103.7185953691,5243623.317745089,1314.8128410040827
585106.8274937699,5243634.615652511,1317.8086206578564
585108.392724391,5243651.973634803,1320.006438034955
585108.9542382822,5243659.790618487,1321.1503340862769
585111.490503235,5243678.300304482,1323.6592888652067
585113.570900114,5243680.634670978,1325.080176976574
585118.1255980536,5243688.937213675,1327.696917815187
585117.7478484208,5243696.81770176,1328.6708780884214
585123.1451968477,5243700.592369767,1329.793245665317
585132.5161499408,5243713.11949489,1333.1442683508772
585133.0646781569,5243721.822536475,1335.4857860532795
585149.5203988196,5243721.042821526,1338.230635817913
585153.3071683457,5243724.499879898,1339.5815689171015
585166.0873931127,5243732.565531045,1343.0094775614784
585165.2957030956,5243736.984068678,1343.0467834163446
585165.9131092924,5243751.688865294,1346.5171901259303
585170.2433000838,5243769.258386826,1350.22130994431
585180.0125739673,5243814.505847279,1353.716360660716
585190.2645718743,5243831.611096562,1353.9201351174197
585219.6903697833,5243884.396467015,1354.7520069294337
585232.8279308961,5243888.68410482,1357.8794515027412
585243.7799589639,5243903.12418409,1359.047065227161
585213.7697742927,5243937.740222506,1359.3626829798727
585243.5071130428,5243959.1007493595,1359.8778082366264
585304.7233722134,5243992.344442478,1360.0551033059562
585332.6508498287,5243997.950716431,1359.1344487207175
585369.0448288571,5244004.098054362,1354.6401889630142
585399.4709730055,5244006.903463081,1351.7798536105643
585407.7942257411,5244008.5574319335,1349.9467273946498
585425.7781235881,5244010.56338763,1347.0818273333364
585443.473558186,5244011.044250301,1344.7747257842839
585451.9187467172,5244013.048112028,1340.2157062190738
585455.985536399,5244013.827159828,1336.0116439351295
585477.8930412988,5244015.436819265,1333.137056662954
585508.7693921039,5244016.492905212,1329.6332009196772
585532.4666018225,5244016.392614528,1323.6967492627161
585536.2658111576,5244017.631422296,1323.7210248756724
585555.9388252809,5244021.80738669,1319.6555831011055
585573.6719002095,5244022.922815047,1317.9776215984007
585589.9198653719,5244019.700706002,1315.3608729198777
585602.8498535738,5244023.194978733,1307.5266967440173
585618.3603797674,5244023.524180271,1307.3249653932446
585640.0665512113,5244029.682340615,1305.451741377333
585685.2854794433,5244050.413384726,1302.043974522398
585712.7918917144,5244064.076170402,1300.1074174059893
585719.9949047052,5244067.433931106,1299.8756290313033
585725.1481864956,5244077.646305639,1298.6961467124856
585725.2684593024,5244104.672505125,1295.7283163046818
585728.7969318151,5244118.48225086,1295.5896638871302
585739.3349179254,5244118.289358116,1294.487282251385
585766.3888095698,5244111.549565948,1292.416520981536
585798.7885052761,5244105.892854459,1291.100715831505
585804.4122244907,5244120.302128515,1289.9266766380451
585819.9237991291,5244135.6956053525,1287.6087456658636
585828.9533114327,5244173.149170363,1286.1923543558164
585846.3158755588,5244221.025144671,1285.998046375248
585869.2481798113,5244249.047876173,1284.1056387878755
585911.5486317594,5244240.096048169,1282.9151795355046
585916.4640261527,5244240.070456113,1281.5225370383819
585933.0560372408,5244241.159331326,1279.6849272131885
585956.0081772117,5244243.139182131,1276.0291416791688
585978.4119639742,5244242.666852562,1272.6319052546833
585990.1686900473,5244247.061430274,1270.8510665252643
586007.5859796284,5244247.848855608,1266.2033699416393
586010.5167872482,5244247.82535481,1260.8994431961785
586027.2865424114,5244248.642616727,1257.9993165825513
586032.450738811,5244253.080940507,1253.7835144525363
586064.2891571262,5244261.88383298,1253.7835144525363
586101.8876669694,5244275.499115244,1253.759418529828
586112.1102044993,5244284.06848682,1253.7500000000016
586135.8624698616,5244283.425934296,1253.7500000000014
586177.6945585853,5244303.949470095,1253.7500000000014
586227.1994161062,5244365.200997463,1253.6450621794045
586289.7839111208,5244386.422124245,1253.631137414353
586297.34307361,5244399.727927761,1253.332736618226
586326.9851803302,5244455.911080885,1253.156584491302
586363.8245330012,5244522.625483084,1253.143186809642
586377.1934516701,5244521.55291095,1253.007617503517
586412.8049544506,5244486.891116475,1246.3192970640557
586412.5,5244487.5,1226.2500000000016
586462.5,5244537.5,1226.2500000000016
586491.6216527536,5244564.857796919,1214.5458389944174
586497.6833994894,5244564.935990289,1202.098296155988
586518.7438850638,5244584.7461161055,1201.0680807014805
586534.6973574982,5244593.660649248,1198.7500000000016
586581.3713796288,5244623.34133016,1198.7500000000018
586623.3716559809,5244648.349884364,1198.7500000000018
586637.7668713749,5244659.9095951365,1198.7500000000018
586670.3296671096,5244686.538303347,1198.7500000000018
586707.9854536395,5244747.0744824745,1198.7500000000018
586721.3777382196,5244751.765483253,1198.750000000002
586753.853888786,5244763.165323079,1198.750000000002
586784.6636452684,5244742.2182984585,1198.750000000002
586828.5123020505,5244751.686564797,1198.750000000002
586862.5,5244787.5,1198.750000000002
586911.4892650126,5244788.63558277,1198.750000000002
586912.5,5244837.5,1198.7500000000023
586965.8821477233,5244825.334077919,1198.7500000000023
587010.420595484,5244878.72027206,1198.7500000000023
587034.575623025,5244900.414374724,1198.7500000000023
587035.8714153267,5244902.949757967,1198.7500000000023
587021.0355500763,5244936.569078333,1198.7500000000023
587030.4719830715,5244938.081938538,1198.7500000000023
587062.5,5244987.5,1198.7500000000023
587055.0691293493,5245055.725133208,1198.7500000000023
587053.622473173,5245104.889524193,1198.7500000000025
587063.8656653257,5245123.848487167,1198.4581641067298
587076.185299355,5245127.416724891,1192.747388986793
587081.0164921733,5245134.707964044,1176.4658050371509
587093.1290120657,5245148.039782944,1173.7512121130208
587119.4047464088,5245185.254423912,1173.2917501681093
587132.2782375827,5245209.681921158,1172.9349154021875
587167.8692896077,5245258.103743069,1172.1293100260166
587171.9466954437,5245259.702587342,1171.6417478384378
587187.6702773764,5245280.096835221,1171.2500000000018
587223.5670495625,5245276.978040241,1171.2178838390892
587223.0448512704,5245279.22021535,1166.1977391935447
587227.8294938944,5245287.821233152,1151.1990714607036
587243.0233532949,5245292.292946503,1149.2586301692015
587273.2898409183,5245295.7472989485,1145.1612209848236
587281.3403025467,5245321.975287661,1145.02173445282
587294.5352208504,5245317.915442118,1143.750000000002
587341.5634451703,5245316.485487472,1142.2555949599982
587368.8364544853,5245339.143111707,1133.6139601314385
587371.2283076464,5245341.736177279,1132.5607649379588
587383.6705736559,5245351.233109592,1129.6250550894038
587397.2922389682,5245359.179391401,1128.8705743729133
587416.732806685,5245371.849465723,1123.5506019025704
587426.1851575205,5245381.601280753,1121.7254514269282
587438.1273390742,5245384.187063056,1116.250000000002
587483.0576436,5245392.837638151,1116.250000000002
587587.3306053862,5245436.277605991,1116.250000000002
587594.1502069281,5245443.180336216,1116.250000000002
587612.5,5245469.783989969,1116.250000000002
587638.2186827372,5245560.0172294695,1116.250000000002
587677.049823683,5245602.424347312,1116.250000000002
587731.8693541081,5245639.121939083,1117.04999916426
587747.577089791,5245655.021587319,1119.6021886306562
587791.3604017074,5245703.313818892,1119.7451713592586
587796.495260075,5245713.535693923,1120.2071967615573
587805.519446386,5245720.132247152,1122.4173539252256
587810.0928520573,5245730.25497045,1124.3119987899295
587829.9025359433,5245760.577255431,1131.4006695873636
587850.1643326964,5245776.217912688,1132.104108612089
587865.2020875936,5245793.340168656,1136.6665977900504
587873.9764772627,5245802.260451356,1138.3873703442375
587877.3107403093,5245804.649155412,1143.5493155125519
587908.1201504809,5245813.478259508,1143.7500000000023
587942.76379068,5245851.275351412,1143.7500000000023
587964.2480665084,5245849.671397481,1143.7500000000023
587968.6150003729,5245864.038739053,1143.7500000000023
587988.434971183,5245900.21809296,1143.7500000000023
588016.7706295382,5245902.198027267,1143.7500000000023
588062.5,5245937.5,1143.7500000000023
588112.5,5245937.5,1143.7500000000023
588172.2571320768,5245959.022708019,1143.7500000000023
588183.2698776573,5245996.605391898,1140.13757875095
588208.9459143534,5246025.774945961,1131.4226348675252
588233.4312380322,5246053.313319027,1126.80422189959
588237.9801388974,5246056.1320068445,1123.4593646615492
588242.2678321453,5246058.298017687,1121.5740517855447
588246.9153538775,5246063.868783141,1116.1669793558735
588262.9188010977,5246082.927828056,1113.9345604814157
588267.0272454353,5246087.424748833,1105.572638731905
588268.0665340648,5246088.800203985,1088.750000000002
588282.878298542,5246106.204976871,1088.5245070757783
588305.1485314026,5246133.695001572,1085.6056015417298
588310.934432059,5246138.180212681,1076.7759109042017
588313.6538425781,5246139.854769572,1061.1191421097658
588328.9792194326,5246153.236906679,1057.8972371980653
588347.2601267627,5246168.203792421,1047.8371014473842
588348.4691778516,5246169.947124838,1033.6766275336045
588358.3366561683,5246175.038681669,1033.4565101344122
588370.040058163,5246189.0750298565,1027.072125718407
588378.6942139341,5246203.022067599,1007.1945915096064
588405.3346150868,5246233.404074347,1003.4606994293256
588410.1830458952,5246251.384478714,990.474209052258
588409.7588149317,5246251.502246279,987.8556736156208
588414.6085909219,5246255.651223157,978.6130421877135
588420.9968620059,5246264.348448068,977.471191354799
588420.8207806144,5246272.666458541,968.6567482594062
588421.0732988272,5246282.3164693685,951.2902424608117
588466.2973268582,5246334.891533311,951.1467074404404
588477.7366960536,5246337.730030915,951.1770042793571
588499.4869394094,5246362.924313945,951.1375522926211
588450.2021070386,5246461.7552104015,951.1602944325675
588408.8913801259,5246553.751012314,951.1834089069968
588394.4504055047,5246617.00765437,952.1047122710055
588379.5572086555,5246670.482633869,952.1268762339282
588382.9706502022,5246670.405346045,952.1933681226965
588395.5153430809,5246680.087803926,952.3775062919349
588377.6939780008,5246722.782783948,952.354685596429
588379.1182550847,5246736.550843377,951.9874122730996
588427.041935632,5246737.358475799,951.501396718539
588475.6491132452,5246737.384002489,951.2500000000019
588527.6500997177,5246734.902548665,951.2500000000019
588630.5423177293,5246710.981969452,951.2500000000019
588674.4634791922,5246707.349513207,951.2500000000019
588730.7524800396,5246691.765279538,951.2717563768392
588770.2721912353,5246708.714687366,951.3370255073511
588779.4456851962,5246715.539122041,952.7690392417965
588810.551725204,5246710.262339001,956.6368188814128
588812.9738149066,5246701.386563491,961.9396875268604
588824.979202509,5246695.852828637,962.9939472713802
588846.7690440309,5246682.620129917,967.3153174883305
588872.5462763022,5246669.935848607,969.8082511771497
588878.3055715052,5246678.985667828,972.0579886505121
588883.1625028654,5246680.085375477,972.3127064990917
588899.1891854951,5246689.807803058,973.8851243135289
588903.941447153,5246693.914200603,980.1553232369931
588910.7753006524,5246697.806404905,987.6166438643033
588920.6814880872,5246696.697724586,991.7798781523562
588927.9364187823,5246689.943056659,993.4086236326154
588928.6003239622,5246697.645013235,999.0584653985026
588928.7934832743,5246713.576519926,1001.7945036078687
588933.051674603,5246721.554551638,1006.9814300765496
588933.0622546178,5246731.824759557,1009.7164558887016
588936.2356016865,5246728.324127599,1013.3507678884846
588945.4168368554,5246726.174663756,1015.5620976010773
588960.3002128453,5246741.317198449,1015.6006974192564
588961.1977784989,5246738.891153195,1033.7500000000023
588962.5,5246737.5,1033.7500000000023
583363.18,5245917.93,1858.75
583367.033308768,5245939.301187527,1859.6114835749663
583375.6281203392,5245957.850445361,1859.521307579475
583402.5874109624,5246012.827227543,1859.429926764313
583425.5072171089,5246051.72275516,1859.399340549208
583430.8178798901,5246062.419718069,1859.3401939990335
583448.9669283935,5246099.324537982,1858.1761467804392
583467.1721010865,5246117.514296183,1855.8954906957688
583487.7714856737,5246121.401311982,1854.759988791085
583517.4838072368,5246122.542721693,1852.814586114807
583535.7930191645,5246121.833562008,1851.9865772429714
583567.3397790145,5246116.330787181,1849.8347067604725
583597.3459868729,5246101.7411970645,1847.8661572185133
583604.0985486318,5246098.208473774,1847.5031571687946
583619.1403801142,5246081.967525012,1846.6734502020172
583643.3860095191,5246059.29407728,1844.4522505274952
583667.8109974605,5246034.940285757,1843.4742276581046
583687.5740025212,5246010.546900642,1841.2519417485996
583712.7273275917,5245988.2072027875,1840.4040244399837
583737.5172724138,5245988.161027718,1837.3948878348845
583771.5943382488,5245988.099910398,1833.6423391286207
583788.2378674037,5245987.680959517,1831.7211307601758
583815.1396932619,5245988.096190758,1828.9934488611998
583832.4959608145,5245988.494863011,1827.3155590067786
583859.5496199687,5245987.172825706,1824.0569899957459
583879.076138644,5245988.023726822,1822.7841056992477
583905.65559856,5245996.96601233,1818.4941244433262
583945.41907534,5246009.764181319,1816.149255856916
583953.2715140049,5246015.265981401,1815.120604489054
583977.4121236255,5246030.38341094,1811.9349391029755
583987.8351730262,5246035.728603321,1810.2893267392965
584002.6574112035,5246044.506773327,1807.7206931215792
584017.5078168481,5246057.64996734,1804.7180626177344
584025.03278162,5246061.439942861,1803.4294554885141
584046.6423227225,5246063.8921090495,1800.5405341630312
584066.8087889368,5246070.738379388,1798.0174279436847
584075.7249771393,5246076.874156825,1794.924771586143
584091.1941271791,5246088.615458611,1794.0542490919715
584100.5206987554,5246089.42441875,1792.3780542679856
584110.4246262191,5246098.535056033,1790.3705999190531
584124.4503018522,5246097.477179953,1786.9089815014959
584137.745951206,5246100.9694530275,1784.7416670617908
584155.1877861555,5246111.087676981,1780.3376320087477
584171.5790827919,5246108.415017005,1776.3837315523915
584182.2740970198,5246110.7149421675,1774.2291639972182
584190.0070849245,5246115.024041574,1772.3657509069562
584208.8362261202,5246127.700102578,1768.4118667899486
584215.7818372602,5246130.932263804,1765.2973530776262
584242.6865707791,5246146.901623725,1761.8104880551023
584251.9128519604,5246150.892860367,1761.0459666123204
584266.95003513,5246159.02129318,1757.2050287382908
584287.8076959061,5246167.727421698,1753.7201192796924
584310.8107814742,5246181.365004118,1747.94589378803
584317.176736477,5246184.419353001,1746.1553639300182
584327.1375096458,5246189.870459275,1744.0441888795754
584342.2808600574,5246198.441949536,1740.5426582350738
584360.9998667852,5246212.820272681,1735.7465830379679
584375.1814315525,5246220.897022219,1732.4157149017465
584396.9990111935,5246236.778688008,1725.961797290714
584405.5423337437,5246246.8224060135,1723.6603544868153
584418.9778632834,5246252.585116534,1720.7505405200573
584426.1157488483,5246262.054130837,1715.104528582256
584445.8874999247,5246277.046558571,1711.3936602257552
584450.6566651331,5246280.342455988,1710.7315368167465
584478.2815500438,5246307.74360619,1703.9826224254734
584488.4153416054,5246314.092427282,1702.317792848626
584516.9505184367,5246339.467998766,1695.8055078799566
584520.6043966345,5246341.193310733,1694.1605392031843
584534.5038575043,5246351.889735249,1689.7608851531852
584554.5607265808,5246367.979127681,1686.6450698462993
584579.6301942588,5246383.95735944,1681.329717813312
584587.7547710299,5246390.158511609,1678.563052439941
584606.8273266358,5246401.857678513,1674.6047165728348
584610.2743284025,5246403.267853121,1672.6053198952368
584619.1789958362,5246409.376489711,1671.2357912078546
584636.4926427105,5246420.001199668,1667.4012646399783
584644.9369686462,5246424.808064427,1664.505186273372
584656.0811696816,5246432.649274883,1661.563675258551
584670.9380801865,5246441.212348784,1659.8468854257871
584688.6520506216,5246447.990316845,1656.1322049788857
584695.7850083847,5246452.873826115,1652.9887158981855
584704.6171910684,5246458.217847346,1651.1499707171852
584721.1768301328,5246468.149831646,1648.763552628184
584739.6484715533,5246480.218850705,1645.3833403800368
584748.0247595398,5246483.5068322765,1644.2696667931996
584769.3322514002,5246495.934507386,1641.7632024952445
584778.4654430815,5246501.745725577,1640.634285082207
584791.2031136628,5246506.7253365265,1638.8687304767423
584809.2899213841,5246511.796890995,1636.8051535425905
584827.8195311078,5246516.475470341,1635.2204611222585
584837.4322061627,5246512.083304055,1634.1153946180934
584848.2061877236,5246504.769692832,1631.421535649563
584867.0132700423,5246499.0168350935,1629.5399212914222
584898.1070360881,5246492.730373962,1626.7304634579273
584907.3720931525,5246494.690213807,1625.9149660149262
584924.778257711,5246499.425283868,1624.4016374320686
584953.3617451936,5246494.731814369,1622.5171173156489
584978.1127607288,5246499.437857911,1619.877186234753
584987.8602278263,5246493.665108243,1617.1356223233188
585006.3989699498,5246474.806941248,1616.0758874513715
585022.7069827574,5246486.775503957,1613.9739398401798
585032.6501969699,5246494.0345071945,1612.5933934122172
585048.0621065982,5246501.401026558,1611.4671325375136
585074.5761884742,5246521.12874001,1610.5956826809352
585084.9554561008,5246524.452400362,1608.4314368575413
585098.9738660707,5246531.332659843,1606.682913184603
585120.0563112675,5246543.020746745,1604.560495143599
585128.0479448186,5246538.019698074,1603.319632094272
585135.9380555906,5246531.495947909,1601.0452366116563
585142.1349210547,5246522.175270817,1599.3352728816576
585144.578531009,5246513.33727949,1598.4650464011647
585146.8754000469,5246511.798023961,1597.9786300802625
585158.3833557253,5246504.258696403,1596.3171795657518
585161.9404399612,5246496.814500646,1595.9211987016186
585174.5983499354,5246489.759916151,1595.3603666776908
585192.6559470479,5246485.3252944155,1593.2008561366456
585227.2752420865,5246472.374391124,1590.5992763432391
585235.212063293,5246463.589177885,1590.1280164136351
585269.022829463,5246441.110762398,1586.699158888784
585282.1882949125,5246434.14223359,1584.2335305675633
585322.929993084,5246418.866824709,1579.1566841780477
585366.357592033,5246356.503239672,1573.1695041565295
585389.8914977802,5246373.796273971,1569.0320774971392
585426.693146895,5246376.1582933385,1562.4879386636799
585453.8673013062,5246367.034947457,1562.3269590966975
585512.5375022637,5246338.777876601,1557.5971593460094
585537.5781764446,5246326.872655722,1556.1929107451251
585617.8290553972,5246292.180452529,1552.0864932365705
585637.629381084,5246294.986450163,1536.8488831313296
585652.3302042413,5246298.331093634,1529.7850178076312
585691.3408218265,5246309.365094091,1526.4634509513135
585724.6501655645,5246318.789132124,1518.0944097902493
585741.7602364246,5246317.957035922,1515.1505872564057
585759.1855199523,5246321.083566806,1510.1869963066429
585759.7643380779,5246320.695046146,1507.545678835875
585765.4201066538,5246323.034637408,1501.901785374165
585790.0923239099,5246331.295052731,1501.7008758604459
585796.0461697159,5246334.128028969,1499.6259112126713
585817.0295406495,5246334.936252058,1495.0620668873794
585843.1279924555,5246329.760694463,1487.614202258405
585857.2244955368,5246321.3270121645,1478.648385154292
585877.8611200004,5246318.694745165,1473.682773023363
585895.9719336098,5246295.502273139,1466.5060844561272
585905.5397235773,5246296.575388717,1462.7502209749755
585931.3750328692,5246280.473856801,1456.5771110511341
585933.9134893961,5246281.266638489,1453.8544740184345
585941.7888753454,5246282.567046552,1444.7834584729114
585963.8633674872,5246278.528622769,1438.9124271663013
585987.7734058857,5246261.988339517,1429.8303025054488
586002.771162696,5246257.073638434,1423.1055097219023
586019.2665423302,5246238.256037009,1415.0953140804424
586029.446774524,5246232.801230288,1413.817788560674
586055.6997387082,5246235.137169462,1407.6825022492899
586083.7179183037,5246236.496033897,1402.6617507400797
586088.9947157943,5246237.170107613,1400.961902707204
586102.5667009592,5246237.658967466,1394.5929504137566
586121.1491761686,5246236.687420505,1388.2905913916218
586132.6196183126,5246235.166731855,1387.5428183649428
586169.4940577443,5246223.75339838,1384.2508695456108
586202.9338596606,5246200.243824673,1380.427737833942
586241.8613920326,5246197.671855679,1375.885626551842
586250.4551300615,5246195.084572946,1375.3221108117796
586272.2954075001,5246192.951329791,1372.7180443089655
586297.6718663212,5246192.186560982,1370.833997896696
586329.3963046342,5246181.971757844,1367.0448091563223
586339.2434504625,5246173.471467328,1364.4482171691247
586353.191728156,5246166.070461273,1363.664596748768
586374.6350892013,5246161.499636622,1359.686458691463
586397.5538701677,5246156.260420875,1358.460561095343
586405.5217950834,5246148.230555705,1355.8620561819375
586412.8473293362,5246146.284313498,1352.717797086591
586440.9646034098,5246136.60440062,1350.2194257088913
586448.6691692369,5246130.6901248,1349.2715564075525
586492.5893687054,5246116.451117803,1346.5845026867084
586537.2424392297,5246088.001106649,1346.5845026867084
586541.8796441025,5246092.238217401,1344.6568650740978
586558.2563569334,5246102.23793563,1342.650072701917
586621.2730602908,5246136.276995687,1342.1502872317806
586647.6924577145,5246127.71014832,1340.102067813596
586700.1476453432,5246113.56633879,1339.811611948161
586727.9514853653,5246121.570122738,1338.808456760939
586746.5246754127,5246130.20087926,1337.1714371778899
586771.8114918787,5246128.8475755155,1334.4764585612108
586796.2884958447,5246123.549467039,1333.2170056686464
586818.0129626562,5246122.276551446,1331.380686511498
586848.0805210788,5246118.295429728,1328.8740495514799
586863.9894277583,5246110.7790342085,1328.8740495514799
586875.4536893308,5246110.693246454,1328.1743754691092
586898.183356167,5246112.783049031,1325.7437765993366
586914.2583949772,5246112.783049031,1319.3684215744433
586923.1595876233,5246114.423304002,1310.2730398777016
586945.1622010457,5246119.3249942465,1308.7499999999982
586970.5067782366,5246118.666121674,1308.7499999999984
587026.6591099579,5246091.097488069,1308.7499999999984
587057.672580501,5246075.036018418,1301.0050692910306
587074.0392598792,5246064.529480993,1292.3523207315973
587088.2567245127,5246058.294668017,1288.7200491218343
587101.8631878217,5246051.579619159,1281.0190035830874
587131.9069244614,5246036.237338139,1278.4870022953187
587151.0629713101,5246034.892584311,1267.6015669971002
587167.9757214625,5246032.882609259,1263.0162072075068
587186.3744443589,5246026.945750854,1260.6376864384633
587197.2646455413,5246024.706134845,1252.701016698098
587229.3080825667,5246018.365266161,1249.2671508848966
587260.1921786182,5246008.31475252,1242.362190796405
587280.217641428,5245998.954596369,1238.3030528644676
587291.3368044035,5245995.34734575,1225.8941825067725
587307.6317422574,5245988.296010327,1225.7677764047694
587327.7384799917,5245972.70964661,1223.427929692404
587360.9840414731,5245953.508001799,1216.7202415974398
587383.6124015761,5245944.130842844,1212.0505962395039
587389.973504119,5245939.648025268,1210.0297512569227
587403.0006539755,5245931.193418396,1206.3709826938916
587405.3753263621,5245942.746716644,1197.6447807635345
587412.0992652939,5245936.794038507,1196.2215241640345
587413.8316577856,5245938.71424236,1190.6393000943033
587426.1530950068,5245937.492669162,1187.4236429383013
587445.7506890936,5245921.786673427,1181.8849477134559
587451.6854496946,5245918.448918858,1177.5501794149711
587470.2099816191,5245902.506984407,1176.1634498767162
587480.8300390486,5245892.208506102,1172.5097943944727
587490.7356190381,5245883.610190417,1169.5266798384473
587507.1126050773,5245874.456823679,1165.9760347578208
587518.2015928754,5245862.058242417,1164.3493522153608
587530.9729699544,5245855.763842556,1158.9865542854911
587537.2149481388,5245849.869103171,1158.3053266664604
587553.3344318614,5245835.5972319525,1158.0281347600326
587561.0222888297,5245830.83617111,1154.1482665371325
587566.5230489682,5245823.656916139,1151.512050319575
587581.5524026508,5245808.519211613,1146.4302905312877
587590.9121493151,5245798.599968739,1144.4114818003463
587596.4840084745,5245792.6854354795,1139.6721299385613
587611.9825167287,5245777.639314853,1139.0653054549482
587616.8924992166,5245773.845926967,1137.6321086799517
587629.475334363,5245759.56639365,1136.8373572418486
587658.0936231231,5245725.869739953,1136.8373572418486
587664.5411467871,5245718.580861698,1136.8373572418486
587681.2629177726,5245702.305939751,1136.1463655610667
587690.4004379574,5245694.705995846,1135.5510129934862
587705.1213462822,5245687.883180257,1135.5510129934862
587724.6327941729,5245695.6229810435,1135.7902302049959
587746.9292464778,5245736.946156167,1135.8883071153448
587761.0035484331,5245750.52656168,1135.888307115345
587795.9402436623,5245771.784990299,1136.039764888569
587848.8765497229,5245807.891369871,1138.796696565468
587852.173839143,5245812.7108426485,1140.5524825758382
587857.3317340454,5245819.308972522,1143.5747811057731
587887.265359961,5245833.552245149,1143.7499999999986
587930.9806043052,5245839.407877319,1143.7499999999986
587966.1695499317,5245854.425536816,1143.7499999999986
588015.5015524677,5245899.506209871,1143.7499999999989
588062.5,5245937.5,1143.7499999999989
588112.5,5245937.5,1143.7499999999989
588164.9781734325,5245943.467972257,1143.7213222620117
588162.7747372237,5245954.679043321,1143.6520066898959
588206.1147014112,5246031.281676532,1139.1898961231832
588212.5,5246037.5,1116.2499999999989
588262.5,5246087.5,1116.2499999999989
588262.5,5246087.5,1088.7499999999989
588312.5,5246137.5,1088.7499999999989
588312.5,5246137.5,1061.2499999999989
588355.9526053708,5246180.95260537,1056.4485772719388
588362.5,5246187.5,1033.7499999999989
588362.5,5246187.5,1006.249999999999
588412.5,5246237.5,1006.249999999999
588412.5,5246237.5,978.7499999999991
588412.5,5246280.570366584,973.6682688278427
588412.5,5246287.5,951.2499999999991
588462.5,5246337.5,951.2499999999991
588512.5,5246337.5,951.2499999999991
588462.5,5246437.5,951.2499999999991
588412.5,5246537.5,951.2499999999991
588401.358164661,5246601.1827300135,951.2499999999991
588396.4383940536,5246656.1924517965,951.2499999999991
588376.8636875758,5246723.172779311,951.2499999999991
588412.5,5246737.5,951.2499999999991
588462.5,5246737.5,951.2499999999991
588512.5,5246737.5,951.2499999999991
588612.5,5246687.5,951.2499999999991
588662.5,5246687.5,951.2499999999991
588712.9583403454,5246687.878523269,951.2499999999991
588762.5,5246687.5,951.2499999999991
588834.0641506109,5246671.635498872,951.9840689321096
588890.8887456318,5246637.805896277,955.1125117165958
588912.9980143205,5246640.213868501,961.3393792090185
588917.14462728,5246652.501997927,974.3027482629082
588923.9051235339,5246670.724823498,980.7727595969324
588926.0607876948,5246681.353291797,987.4582389336501
588925.6265728109,5246690.011430527,990.123260682915
588930.8818851943,5246701.134513938,1000.7449096799616
588930.8818851943,5246726.689975327,1003.1266075349283
588962.5,5246737.5,1006.2499999999991
588962.5,5246737.5,1033.749999999999
584054.44,5247056.64,1693.75
584056.5895219392,5247048.936259891,1693.9576910580336
584072.1699434895,5247018.61674343,1693.900100856717
584099.2800490824,5246977.7154358355,1693.679764146169
584120.4945963023,5246965.532495735,1692.2927464111863
584151.5853375591,5246926.1576707065,1689.335949222798
584165.8547997522,5246912.518183286,1688.053149959977
584192.8818879264,5246894.869650195,1684.5361745809644
584206.2371734307,5246879.458362199,1682.1862134177386
584211.0964160764,5246867.534370202,1681.0214537945758
584223.7508954855,5246857.684925127,1679.9404965969372
584234.0100354104,5246854.253983779,1678.9972194137154
584255.0218627773,5246837.303326157,1676.6185254971497
584267.4820481946,5246832.252694128,1675.9546150212923
584289.8419686262,5246820.691196309,1675.4046513312705
584297.4799210103,5246818.401952356,1674.706032645075
584317.128980928,5246816.607620514,1672.3130634082167
584335.829179529,5246812.747058557,1670.5277370834406
584345.8717028345,5246803.734378194,1667.834188358865
584348.8959305665,5246796.229012875,1667.1115791951713
584351.2893888179,5246778.005872719,1664.7248841711303
584354.6635748843,5246768.926553774,1662.881780742684
584360.2064376584,5246768.669476712,1661.300037598354
584372.5455425881,5246769.127359705,1659.0161922764596
584394.3471139936,5246769.752621167,1656.888563851117
584414.1170244004,5246763.288495693,1655.6495173333024
584445.1216529659,5246741.524950676,1652.6550942736303
584457.1980411719,5246726.07809845,1651.8824891197592
584470.3299573531,5246718.354414991,1651.0006650950427
584476.0298840002,5246705.946279109,1650.022030050765
584498.9760555408,5246703.228032239,1648.0949633633088
584523.2647435312,5246696.59144131,1647.2353484256087
584530.3007325608,5246682.4507615855,1645.064802929036
584538.9501125636,5246676.724296793,1643.772065747898
584547.7308353606,5246654.6231593955,1643.3586592220818
584570.5324979667,5246644.771748679,1643.0085306415167
584580.0626915363,5246636.935494822,1640.4908819825744
584587.866553432,5246625.085773721,1639.9217364935957
584613.8256814083,5246592.058517653,1639.8356916568664
584620.690754307,5246584.5335716335,1638.6089357370197
584637.0042748173,5246585.518280732,1637.5654228444355
584677.5488416703,5246600.148156107,1637.1994779213828
584687.0125232607,5246603.416487056,1636.6205661306212
584700.082099204,5246610.230870702,1636.0215591100884
584711.9985573384,5246615.683286128,1635.2352661016525
584719.7691741827,5246625.996922903,1634.7161672983952
584729.9362554477,5246616.814767115,1634.622175066797
584753.9483333091,5246596.332950891,1634.033636735368
584767.7406463587,5246600.556983405,1633.2178692398325
584780.7102951447,5246602.880145948,1632.9959519479812
584812.6094950298,5246583.526166523,1633.0137886004823
584821.5520137562,5246580.383382982,1632.6000966233835
584836.4649837757,5246528.561381102,1632.4781271559414
584839.4345209074,5246517.990013323,1632.171361333548
584846.0808677177,5246496.823144618,1631.9167637091816
584881.0140405351,5246489.397668742,1628.8620966775966
584922.8163776433,5246469.000845599,1621.7632292748492
584965.6927646844,5246452.706881696,1621.726454503391
584983.3317418776,5246454.0077398475,1617.61708907208
584992.8464585042,5246460.248303096,1614.2930288427176
585019.8349362521,5246481.4758749325,1611.6301923550664
585041.4242766456,5246494.110076093,1611.3514287297576
585091.3407753356,5246515.87884096,1611.2493723293876
585113.9641423199,5246525.821817226,1611.1474084341494
585124.6342079747,5246490.195380903,1609.7009828295759
585152.3021455957,5246487.949246006,1599.7651325686425
585174.1047402107,5246487.282861879,1583.7872805812585
585262.5,5246437.5,1583.7499999999995
585312.5,5246437.5,1583.7499999999995
585364.314689105,5246349.122775154,1583.1499474240943
585393.654915645,5246367.370165175,1568.5835988599008
585423.1735355343,5246379.968307729,1560.3924307493626
585512.5,5246337.5,1556.2499999999995
585612.5,5246287.5,1556.2499999999995
585634.8869081916,5246287.5,1538.1618755685436
585648.8654272752,5246291.25758326,1528.7499999999993
585693.4088837239,5246305.4056140315,1528.5386803969595
585753.189277161,5246335.074846031,1526.8947176055572
585769.4048408419,5246337.2717022775,1525.5020255445825
585769.3388669608,5246337.3336418485,1517.3019809502368
585779.9649729023,5246337.551325384,1500.9545117104326
585822.3367565356,5246336.949886361,1498.4877252712872
585853.2845725298,5246333.196586617,1490.0342802950504
585872.8401766069,5246326.950525329,1477.567673419485
585882.8275135267,5246317.109835774,1473.7155421152538
585912.5,5246287.5,1473.7499999999993
585912.5,5246287.5,1446.2499999999993
585956.0670146456,5246287.5,1441.5365320608807
585990.1330489184,5246261.121699673,1430.3211606101968
586011.6549564049,5246242.701961922,1417.5951142974054
586024.0183313373,5246238.932848475,1414.182313247501
586048.8214729553,5246237.239332846,1405.858945808382
586063.6027213604,5246237.874780555,1391.3875465791903
586076.0831851441,5246237.553162094,1391.243013899781
586128.6488019956,5246233.926503157,1391.2499999999993
586208.856840478,5246193.46922686,1386.8725669687597
586231.8618745058,5246188.835197249,1372.71636481791
586242.3646825129,5246185.951666149,1368.1093135513236
586281.6980725321,5246186.383929713,1366.6750702972806
586295.0814888602,5246181.21243283,1364.8658417529364
586343.1739299877,5246171.183822161,1363.749999999999
586406.3788156436,5246137.5,1363.6714632502153
586422.4503785785,5246137.361958059,1361.5508514180942
586452.1611689731,5246135.7873116275,1351.3798835368311
586463.1022119506,5246132.513698695,1338.3239238341994
586539.2855396252,5246097.725055355,1336.96666579962
586556.7501052087,5246092.933414921,1336.8038641044618
586593.9014383063,5246113.390917326,1336.6658300972895
586638.4867131134,5246137.495747275,1336.316338477319
586677.7720336686,5246140.182045532,1336.2499999999993
586726.7369246278,5246146.271798112,1336.249999999999
586779.2613018432,5246142.542843339,1336.2499999999993
586829.1764619799,5246141.260380535,1336.2499999999995
586912.5,5246137.5,1336.2499999999995
586912.5,5246137.5,1308.7499999999995
586962.5,5246137.5,1308.7499999999995
587049.1581207266,5246085.891037385,1308.2209678110933
587070.8754769218,5246079.124523078,1305.7504560480409
587085.722214952,5246068.724586934,1281.249999999999
587153.7458540743,5246036.501077366,1274.097749722629
587181.1216698352,5246030.379407531,1253.749999999999
587236.7186763426,5246016.458574472,1251.3467190855665
587268.5846050765,5245999.932324898,1245.394935609346
587284.522945337,5245994.436582138,1242.77422729119
587284.4855940947,5245994.494746322,1232.7512457816497
587298.5700128203,5245985.240658034,1226.2499999999993
587372.7088623509,5245940.1063696295,1224.4059873539782
587390.2106634931,5245934.3559059985,1209.6243722490071
587412.1327722791,5245924.041519807,1207.0156568597447
587412.5,5245934.067757961,1196.5267789062448
587418.2727292986,5245935.072661383,1192.8826856286391
587435.931501578,5245932.21273807,1180.8249247067756
587443.5538081499,5245938.306922537,1177.2109590960076
587469.320402078,5245910.250378188,1174.363741412023
587474.9950822958,5245912.301786923,1173.5161954721327
587486.178127991,5245912.038915776,1170.3043347162272
587522.3903515917,5245876.249198064,1168.5541435555015
587552.4121034448,5245845.950063094,1163.3106080131429
587562.7675316232,5245834.1593704745,1143.749999999999
587575.8025948695,5245819.7655852735,1143.749999999999
587625.8203849249,5245764.796947993,1143.7499999999993
587712.5,5245687.5,1143.7499999999993
587763.7428886228,5245775.587209889,1143.749999999999
587786.8615993683,5245798.666248071,1143.749999999999
587839.6177619342,5245815.94243531,1143.749999999999
587862.6404255584,5245839.112085924,1143.749999999999
587869.1810076691,5245835.303032966,1143.749999999999
587885.4969531782,5245839.016411677,1143.749999999999
587962.1237276078,5245839.016411677,1143.749999999999
587986.0961292774,5245899.601616397,1143.749999999999
588062.5,5245937.5,1143.749999999999
588112.5,5245937.5,1143.749999999999
588164.9781734325,5245943.467972257,1143.721322262012
588162.7747372237,5245954.679043321,1143.652006689896
588206.1147014112,5246031.281676532,1139.1898961231832
588212.5,5246037.5,1116.249999999999
588262.5,5246087.5,1116.249999999999
588262.5,5246087.5,1088.749999999999
588312.5,5246137.5,1088.749999999999
588312.5,5246137.5,1061.249999999999
588355.9526053709,5246180.95260537,1056.448577271939
588362.5,5246187.5,1033.749999999999
588362.5,5246187.5,1006.2499999999991
588412.5,5246237.5,1006.249999999999
588412.5,5246237.5,978.749999999999
588412.5,5246280.570366584,973.6682688278426
588412.5,5246287.5,951.2499999999989
588462.5,5246337.5,951.2499999999989
588512.5,5246337.5,951.2499999999989
588462.5,5246437.5,951.2499999999989
588412.5,5246537.5,951.2499999999989
588409.4099879522,5246603.090012047,951.2499999999989
588402.9595310421,5246664.322570399,951.2499999999989
588412.5,5246737.5,951.2499999999989
588462.5,5246737.5,951.2499999999989
588512.5,5246737.5,951.2499999999989
588612.5,5246687.5,951.2499999999989
588662.5,5246687.5,951.2499999999989
588716.8439478994,5246691.056981382,951.249999999999
588766.6642345791,5246690.795502645,951.3387992565566
588819.0027106123,5246681.591950594,951.6051970262295
588874.2856182624,5246648.9021701235,958.27915462707
588898.2327979283,5246637.913142749,961.0749775024858
588912.3903495045,5246639.340100945,964.6597201022
588913.0037355833,5246654.074841951,976.9821158719487
588914.4867608207,5246691.033774269,983.6408140796368
588923.060956909,5246706.716297021,1000.9849936469641
588932.9207176818,5246730.463678992,1004.4799190929838
588962.5,5246737.5,1006.2499999999991
588962.5,5246737.5,1033.749999999999
585367.03,5248151.77,1528.75
585367.8068595972,5248148.928579678,1531.8537078781274
585368.3108989277,5248146.0320594115,1541.5741453545672
585378.8488533803,5248141.299181419,1559.9759113797209
585397.6565412302,5248140.656215669,1583.8860812427606
585409.1956212372,5248137.748296023,1591.9109496791962
585430.4577283973,5248124.75885317,1610.7419586752985
585478.225373752,5248094.077904884,1611.25
585512.6641116359,5248087.0577341365,1611.25
585583.2134494667,5248059.218866309,1611.25
585613.9674515314,5248032.571057402,1610.8169414099198
585629.7165041799,5248037.186944308,1609.5177656396788
585663.2416216689,5248053.007862751,1608.5854494879177
585687.925004505,5248024.146339037,1607.1935111036353
585710.4243702746,5248034.729854061,1599.8296178870032
585722.3291364157,5248037.916442688,1590.7326385985039
585736.8750678615,5248040.856647009,1584.2473895027333
585743.647653343,5248044.468391067,1581.8277446657053
585763.3701204349,5248034.55392248,1576.8423724418544
585783.3315263005,5248020.418747319,1569.3129672729342
585790.7858137394,5248021.634744662,1557.2326259495496
585796.6637249854,5248016.61308588,1556.2500000000002
585825.0399097078,5247998.58816081,1553.0454199517906
585852.3682301525,5248001.245252269,1542.041758550963
585853.3541492777,5247999.609047682,1530.0570067833191
585861.6078962239,5247996.761859708,1528.7499999999998
585884.0213288311,5247998.920727133,1527.5887433751843
585905.3367826074,5247998.470965922,1524.3444087426942
585910.7759555385,5247982.272800257,1520.789296044924
585933.8159581082,5247961.7785852235,1512.7081742808195
585939.0147344993,5247954.528729095,1510.5232095166652
585958.3325916998,5247936.242839432,1506.0659254013046
585964.0224308287,5247932.892693859,1498.4700383639306
585978.0603284573,5247939.086266437,1497.0999711218406
586024.5361536742,5247930.379882155,1493.4043661323117
586118.3711954028,5247893.923003706,1488.7273519156115
586162.6074511278,5247942.222542726,1486.635075903414
586164.7195862981,5247933.366464979,1486.1035849367022
586179.6725363744,5247885.191059711,1484.406673602031
586220.3190111623,5247907.593592871,1483.2433084253735
586223.5685415012,5247906.154896061,1482.544014848655
586235.7399349298,5247911.307352401,1481.6669267149002
586262.5363721291,5247914.73779996,1481.6572498880228
586265.7477165473,5247918.157339406,1481.355561427413
586281.282968962,5247905.5746174045,1480.2017129898763
586312.4170290288,5247902.002470028,1480.1901703586732
586315.1748419564,5247908.766354309,1480.0278416440356
586323.4873332323,5247934.443373592,1479.4996219873099
586339.4509658798,5247949.263306449,1479.0121225494986
586362.833048706,5247920.24303295,1478.9336293956253
586365.4986916413,5247925.823001694,1478.4912902471524
586372.2129940774,5247938.815839516,1478.0235561751426
586390.9742881055,5247923.318968691,1477.8812165236463
586420.9763020291,5247913.9163652975,1477.0931469131006
586444.1476117602,5247929.87429613,1476.5173703679282
586474.3677249126,5247918.784243853,1475.5777141081203
586512.5,5247902.059685144,1475.427178847257
586514.6669523723,5247900.107082292,1474.127903757537
586529.0967297568,5247905.141630972,1470.0793118695426
586538.774363532,5247894.908421928,1465.5888067674791
586548.504149087,5247906.690528954,1463.3945941215327
586557.325444662,5247902.884126625,1461.0782369508547
586567.7609545437,5247896.278372018,1457.8781528799423
586578.7052135202,5247894.425063735,1452.4367154477636
586584.6887787144,5247898.598049914,1446.2499999999998
586611.3445842536,5247923.644340308,1446.25
586612.6623104137,5247899.374082772,1439.1119372536632
586640.2919184233,5247899.795297797,1434.0598736747177
586640.9911920405,5247882.587419794,1432.2951886833357
586664.7315599753,5247869.394051876,1425.3140668236733
586666.8250814293,5247861.888980236,1418.4438307188084
586704.091411649,5247846.523379592,1409.4913448018672
586713.1312421872,5247843.05930718,1408.5318761520703
586733.2104786439,5247843.507575393,1406.4942731614656
586748.1843141268,5247839.262479088,1402.9355778054125
586762.4030866466,5247822.148799319,1397.858250634617
586782.0916449513,5247812.584412633,1393.39723868401
586806.122586559,5247781.442992496,1386.1791647444484
586822.2241076647,5247780.728888319,1384.7530566961289
586849.0910125967,5247785.650168586,1381.2518781790618
586859.4945461616,5247791.702055517,1381.0382550748102
586878.5239423838,5247787.186280595,1379.4742502165536
586901.7676864743,5247775.579301308,1375.8480570786828
586918.4393108384,5247764.832239636,1374.0482194725028
586948.2711881299,5247747.244109003,1373.8338175413783
586971.5649042573,5247731.848015645,1371.0877402140413
586980.7174685887,5247732.0597271025,1370.1228008530059
586996.2468023829,5247729.044136197,1367.4040453886769
587029.616819178,5247721.765358731,1362.151639411627
587055.6480352444,5247697.954214398,1357.096265009492
587091.0281631371,5247689.513392815,1352.07533450647
587098.8006790925,5247684.952307513,1350.363665297188
587122.6218998637,5247675.216936824,1345.8003345555899
587153.5865800768,5247666.117330198,1344.0786890074542
587189.3234440308,5247649.6669488195,1341.7072184705255
587200.3059627578,5247637.205086937,1336.2500000000002
587222.2223543054,5247634.224596257,1333.387947811078
587263.3706848973,5247621.517367047,1327.411685724704
587281.1418974223,5247608.018281006,1324.1208780271763
587295.4700134551,5247604.305247538,1320.2643401668704
587311.7874309069,5247588.128618259,1308.75
587326.8869175123,5247585.485793151,1308.75
587372.7351321359,5247569.74490355,1306.4599456533188
587392.3536273913,5247544.032119473,1296.2763105094384
587405.5176133197,5247518.521229065,1289.3850676316138
587419.925589907,5247510.897223983,1281.25
587445.4333566516,5247488.15393258,1280.1180600900766
587476.3150198343,5247489.238516135,1265.653432594989
587479.7872399326,5247487.1159145385,1255.6013671573978
587495.5532918419,5247486.819716883,1253.8739824239747
587530.2553655168,5247467.871128278,1253.75
587569.7990299414,5247436.892484522,1250.5480415396084
587594.3399120625,5247431.293613748,1240.452167036051
587608.6639737508,5247422.696660951,1230.4009103758801
587633.4274731716,5247410.037679422,1226.7318784341
587667.1975250235,5247380.316014721,1226.25
587683.9551744332,5247378.998186108,1222.4982293913417
587716.0755307924,5247356.322449816,1212.2009700573885
587727.0498608992,5247355.773442447,1210.4792399704506
587741.0928793376,5247351.810501964,1200.6687223850945
587756.0794682303,5247328.751729992,1198.75
587771.2556421848,5247321.052253601,1196.3230905926853
587806.0887723663,5247308.488427089,1185.596188000982
587822.2954534899,5247305.051913111,1181.925775496937
587843.1533144289,5247294.36602575,1171.3260051715204
587849.4529653796,5247287.879528731,1170.6305485504895
587864.6265328337,5247278.6939896345,1166.3892888047112
587887.7863353321,5247255.60240628,1155.5197748902856
587894.2229985335,5247247.789957453,1143.7500000000002
587919.5250047385,5247219.783861687,1142.0388623736421
587951.8694286465,5247188.080566854,1133.7407303436642
587975.2215975965,5247159.182321444,1129.3010269479762
587986.2489690329,5247157.838807939,1126.1462070156736
587996.0527327484,5247151.851159876,1119.8961777907443
588012.3969674285,5247133.630809921,1116.009684247228
588055.9537723161,5247119.854168739,1109.4299512837172
588063.6619965022,5247115.580741996,1108.1136034932313
588091.3189991765,5247098.303339486,1105.3974437311513
588099.1755369869,5247094.5725999195,1104.6188749038718
588131.3491049923,5247078.233148046,1099.1785930638234
588138.5297787177,5247073.238743865,1095.1754613578253
588180.8147537523,5247061.2102370765,1092.7997041123103
588185.1816785806,5247055.694336124,1087.6253154788806
588198.5515378538,5247035.584235731,1084.2145966503238
588217.3929344479,5247026.816937904,1080.3138132470726
588246.5978105832,5247010.551669411,1073.5574144832876
588265.1865870275,5247008.741447509,1068.9176611560024
588286.8401117991,5246995.434747122,1062.2831279159177
588294.1961301321,5246995.321790376,1058.9945598082015
588312.9418796034,5246994.061616737,1053.6777549939372
588316.7571073001,5246974.3170225825,1046.7983892019781
588327.9943214166,5246973.787920549,1045.2663794548905
588334.8866949833,5246971.698002264,1039.583717992043
588337.2714190453,5246959.1696226625,1033.9931427276242
588348.3174108587,5246932.988918945,1032.2150986102906
588373.6042105487,5246931.58545607,1026.6476195653981
588403.9082045042,5246914.914944035,1017.9825730665943
588419.0906782616,5246912.658395796,1016.2917518719075
588449.357509287,5246899.502637026,1015.1570288515891
588466.0633563302,5246891.529108596,1007.3354711423253
588467.9119267566,5246886.742503408,1003.9532426940809
588478.7187537459,5246877.137737645,1000.8789321379215
588496.8309090779,5246874.001860763,995.9557371795958
588510.5795896342,5246861.811197812,991.2747150221337
588520.7250203886,5246860.209276027,985.4453959702488
588522.8788261034,5246860.568745467,978.5430155825097
588528.7993606105,5246855.106898496,977.5677815034543
588537.0893069821,5246845.11693049,975.7834326899399
588562.2325144829,5246831.447900325,972.2386695408243
588598.6111797848,5246804.286579713,965.2794884157724
588635.6276146107,5246774.710625802,957.8699044745262
588647.7687060691,5246766.824417664,957.8765681158759
588685.6275747733,5246733.587622456,957.2872829830644
588740.7401657442,5246696.331662158,955.5194275846303
588750.1004084229,5246687.816284432,955.5197395197936
588781.2037322934,5246684.515112965,955.3924016328655
588836.0629606679,5246667.207014645,955.288892006575
588881.546838179,5246637.5,956.6234932888715
588912.5,5246639.041946129,964.372565375788
588913.003012438,5246654.122825949,978.7500000000003
588914.4839066404,5246691.034831903,983.6402907222699
588923.0586212889,5246706.717435029,1000.985497404441
588932.9189659666,5246730.465199636,1004.4800499248329
588962.5,5246737.5,1006.2500000000003
588962.5,5246737.5,1033.7500000000002
582880.85,5243055.12,1473.75
582885.5743378251,5243059.336185894,1471.1729563776385
582898.5846338691,5243052.985047236,1465.6715952361328
582904.9648167163,5243040.209768042,1461.30399228635
582919.285013402,5243023.715597582,1459.6283594441006
582923.2355481512,5243017.90469213,1456.4099087786444
582932.835412233,5243005.672222947,1456.337266999165
582940.1901625927,5242994.923717035,1455.9143418769677
582956.8902693389,5242976.88540909,1455.9143418769677
582966.6631563677,5242967.468934156,1455.1867392181266
582978.46143997,5242956.802356569,1453.6773883152675
582998.0599179883,5242953.078555405,1453.0329371029106
583003.7510018896,5242947.390537925,1452.525431724844
583013.3875904174,5242935.259682748,1451.3897627728898
583024.0571663535,5242923.694124756,1448.9549934026372
583034.629917114,5242913.653966105,1444.63964152687
583044.6252456139,5242905.375065419,1443.319300959835
583053.1868083377,5242896.428649791,1441.845975221288
583061.5861633013,5242880.607408591,1439.701217572528
583068.4579905011,5242879.494258116,1438.4099952648312
583081.2102277809,5242870.006177787,1437.480115252989
583092.4589490126,5242857.900692417,1434.8981811132026
583101.928751562,5242854.4035014175,1433.6272518110243
583120.405206481,5242849.790587098,1431.6704976819674
583136.1866128758,5242852.721802768,1430.392733597553
583146.6260200667,5242856.121518108,1427.9605085488852
583158.6253481272,5242859.150429318,1426.1953624014027
583170.4231477914,5242860.62775539,1423.2191873481243
583182.6540890594,5242868.048898277,1420.591307332817
583191.4846784492,5242873.179695589,1417.4114451905434
583200.3571677189,5242872.823917027,1415.9501784655372
583211.5919299211,5242877.242680169,1414.336944004175
583222.4172185904,5242882.086410374,1411.6658587663364
583230.117990091,5242887.1486255685,1409.4927032930964
583244.7581929597,5242894.580121971,1406.656328321401
583251.6136605483,5242901.501040597,1404.3017523766277
583259.4853582376,5242909.55954917,1402.3884388506558
583269.6367353724,5242912.353033734,1400.4691971670584
583277.9540728829,5242921.0704599,1398.983358077357
583285.2622912503,5242932.78794926,1396.0709097124636
583295.319845454,5242942.828815817,1392.5097519801811
583308.1401959728,5242952.9539775355,1388.604077544972
583314.7606839123,5242961.20710459,1386.1343801109274
583330.4314341897,5242975.625535867,1381.0029521825152
583340.0057788725,5242985.621928672,1378.1355995783074
583351.3664206738,5242996.454128282,1373.95072891891
583360.1308446705,5243004.875225604,1372.7794919906546
583370.7550855372,5243013.505650267,1367.376646531576
583375.8073661503,5243017.75842886,1365.555216992822
583385.0202052734,5243024.686460002,1363.6253060637157
583397.3005581631,5243039.67853134,1361.0910148816379
583406.4627244783,5243051.399355338,1359.0628521707904
583417.5494819975,5243065.74306655,1357.7430800447146
583422.0710350188,5243072.709330923,1356.0054290653634
583429.9206685814,5243082.3584728595,1354.3787519105445
583436.0990148019,5243095.971978198,1352.1003862759471
583448.2332885286,5243108.467933486,1350.7174667258687
583458.669966928,5243121.174105252,1349.2663214233703
583461.6323360633,5243126.418052734,1347.8759762854709
583470.501482448,5243140.342199092,1346.1735868563278
583480.0818915813,5243148.649133714,1345.818805984367
583487.4887656954,5243156.95654098,1344.159243527675
583497.3420965106,5243168.26463621,1343.4106025379624
583506.8836385767,5243184.995295676,1341.030055170335
583520.5935051097,5243188.571583675,1339.9076337775568
583533.3639412473,5243189.588604719,1338.677915900225
583546.7852580788,5243179.237110064,1338.225207135873
583553.4130292461,5243187.697965656,1337.9355160072105
583569.9666452014,5243212.412951213,1337.7576873089492
583579.8669890102,5243219.337626215,1337.536629259746
583577.7974499676,5243207.690866305,1337.2285760092648
583588.966475695,5243211.944694687,1336.8188251530228
583622.6472392366,5243230.413234903,1336.8090436946595
583627.7412060163,5243233.347848673,1336.4430877612126
583654.129646747,5243243.969262626,1336.3712563370073
583714.0180241043,5243264.564735389,1336.0397797156393
583727.1766470998,5243236.221545589,1335.7028247730414
583773.404117342,5243237.463700433,1335.462901491456
583825.6235918116,5243247.512178813,1335.07475635685
583878.1110215562,5243275.63615515,1334.7914968863943
583892.3392529893,5243272.57733131,1334.6488662364286
583922.7957596234,5243258.1968586985,1334.6218232731028
583926.3725568195,5243254.786692306,1334.6251251729796
583952.699419506,5243258.822759742,1334.6358058938504
583955.1543512635,5243257.253099121,1334.432497784029
583970.6428768565,5243254.720116032,1334.297249191226
584008.4306762634,5243278.035748433,1334.080330110267
584025.3642269204,5243272.448864396,1333.4966464815143
584056.7929957667,5243219.9170849975,1331.8764565841243
584060.8336603289,5243218.190357091,1331.612704793349
584070.883293181,5243209.204580337,1330.902134189758
584079.2504001021,5243198.830059472,1329.4290147209413
584101.797588871,5243176.37458027,1327.044277891381
584112.240457134,5243161.346169393,1324.209328713881
584133.7611272796,5243131.140997461,1315.5003867532882
584160.63102883,5243083.898384977,1314.7610400741917
584191.5735130702,5243100.254843151,1312.3369612393144
584251.8189246833,5243126.818924683,1310.9260648601005
584278.913203575,5243152.115511084,1309.3525877853526
584326.84330104,5243187.528008987,1309.0036239741376
584375.8492062523,5243187.679013167,1308.8484572415978
584430.608662636,5243192.951816943,1308.774813085593
584513.4368102702,5243259.750080098,1307.8415107629019
584539.2829505171,5243258.488118705,1295.7907300827767
584550.8077244217,5243275.960356623,1288.8637771524427
584575.3439248255,5243255.803645795,1287.9071432258734
584588.0899054421,5243262.391176295,1284.2844634672526
584613.327611078,5243287.761135825,1283.3389888199663
584640.5634002245,5243285.017972844,1281.8108142198053
584687.4840735777,5243289.224745992,1281.6976281863467
584740.3900574177,5243301.319661905,1281.424097567182
584825.3875346136,5243350.183933657,1281.250000000001
584875.1348327219,5243387.5,1281.2500000000011
584996.5270381172,5243351.946758439,1281.250000000001
585030.4201744031,5243336.342182113,1281.250000000001
585076.5870946851,5243338.852445475,1281.250000000001
585116.3488216194,5243391.26472638,1281.250000000001
585114.0441049299,5243407.400828455,1281.8733216902099
585113.4873574014,5243454.653827476,1282.0642796921866
585112.916431858,5243499.004116473,1284.221091631938
585112.7616164916,5243523.921637323,1294.3792010083216
585112.7222758976,5243527.602267798,1308.7210852029275
585112.6538611175,5243550.440078763,1308.750000000001
585113.2470096772,5243628.978877264,1319.037249297783
585115.297195051,5243651.330345537,1335.131731986839
585115.9785183509,5243734.964074616,1335.8611804012316
585127.5480872054,5243736.924406867,1336.5665762232268
585162.5,5243743.067722423,1340.3001848348572
585168.4201146952,5243778.543396659,1360.4939369176755
585182.0180572586,5243821.380172043,1362.9224965655374
585262.5,5243887.5,1363.750000000001
585212.5,5243937.5,1363.750000000001
585312.5,5243987.5,1363.750000000001
585362.5,5243987.5,1363.750000000001
585406.872562273,5243987.5,1359.6286757172338
585413.5875470218,5243988.525488413,1336.7071462052297
585462.7482344356,5243990.400451783,1336.3523967046835
585514.475034131,5244020.068143099,1325.7725903112505
585538.4058427662,5244026.41529072,1325.2882183893532
585557.3897200504,5244033.13951286,1323.7087018855968
585568.9366151652,5244036.543702824,1312.5075312298786
585573.366725468,5244036.674624091,1308.4686306639828
585593.4990262716,5244036.8595192665,1308.437230885573
585639.5883797486,5244049.784156699,1308.4270443866653
585713.2578154142,5244099.187707411,1308.3837063791548
585722.7697404111,5244131.7821980575,1304.2657975923603
585794.2852988542,5244108.008569511,1290.7885743328513
585796.5006265977,5244121.329048306,1285.2081576050346
585816.1986408792,5244121.6530769365,1283.2842524835585
585824.5144784795,5244163.888403477,1282.2666167294224
585864.5207172361,5244237.5,1282.1072402974598
585877.9836212773,5244236.591966993,1281.250000000001
585930.5244269988,5244234.900326527,1280.0503003906065
585973.7426717851,5244235.49919965,1277.0454740654684
585998.721057007,5244235.645016427,1267.3347964593552
586013.9670222584,5244235.626887271,1253.7500000000007
586028.6085647944,5244239.208998096,1253.7500000000007
586088.4590550389,5244255.11757562,1253.7500000000007
586162.5,5244287.5,1253.7500000000007
586212.5,5244387.5,1253.7500000000007
586312.5,5244437.5,1253.7500000000007
586362.5,5244537.5,1253.7500000000007
586412.5,5244487.5,1253.7500000000007
586412.5,5244487.5,1226.2500000000007
586462.5,5244537.5,1226.2500000000007
586502.1300700362,5244577.130070036,1218.6453846931963
586512.5,5244587.5,1198.7500000000005
586592.0128392082,5244642.376514206,1198.7500000000005
586640.1811018456,5244665.648481332,1198.7500000000007
586677.9588246766,5244707.000971828,1198.7500000000007
586715.8540872013,5244750.513789554,1198.7500000000007
586737.6451430199,5244744.640310663,1198.7500000000007
586812.5,5244737.5,1198.7500000000007
586862.5,5244787.5,1198.7500000000007
586912.5,5244787.5,1198.7500000000007
586912.5,5244837.5,1198.7500000000007
586962.5,5244837.5,1198.7500000000007
587012.5,5244887.5,1198.7500000000007
587062.5,5244887.5,1198.7500000000007
587020.0438378131,5244937.147192772,1198.7500000000007
587062.5,5244937.5,1198.7500000000007
587062.5,5244987.5,1198.7500000000007
587061.1645051419,5245039.574850097,1198.7500000000007
587053.6789970808,5245100.438098373,1198.750000000001
587062.971940245,5245137.5,1198.6851082163068
587075.3539551838,5245151.461590024,1171.250000000001
587123.4204249146,5245211.950881339,1171.2500000000007
587170.9082261171,5245271.074463246,1171.250000000001
587212.5,5245288.567142285,1171.2430288777755
587213.333074751,5245288.587598288,1164.084872055385
587225.855438335,5245288.572937461,1143.7523939129849
587265.2734076667,5245335.4469114505,1143.750000000001
587315.1401700586,5245335.548332302,1143.632281089614
587351.4195159171,5245339.697519465,1135.3198464892698
587352.7893560892,5245339.782146442,1129.9692649076571
587357.5871686653,5245341.616618822,1117.017577633991
587381.2730241978,5245354.320180458,1116.2500000000007
587462.5,5245387.5,1116.2500000000005
587562.5,5245437.5,1116.2500000000005
587612.8562150679,5245489.249953529,1116.2500000000005
587662.5,5245587.5,1116.2500000000005
587715.4310978613,5245681.667227931,1119.3304105929183
587732.2540213388,5245697.272629675,1129.546069889162
587762.4645295646,5245715.102610304,1134.177245368442
587787.0364077439,5245761.057088582,1136.8268048656048
587788.6163822124,5245773.420580097,1137.6198959289077
587808.5621587576,5245789.482364424,1142.2661724974582
587858.2759536137,5245816.684104242,1143.6698543019547
587868.9604281834,5245828.889161856,1143.750000000001
587892.2243879247,5245839.233731108,1143.750000000001
587966.1821309223,5245854.312141571,1143.750000000001
588015.5118432402,5245899.5473729605,1143.750000000001
588062.5,5245937.5,1143.750000000001
588112.5,5245937.5,1143.750000000001
588164.9781734325,5245943.467972257,1143.7213222620137
588162.7747372237,5245954.679043321,1143.652006689898
588206.1147014112,5246031.281676532,1139.189896123185
588212.5,5246037.5,1116.250000000001
588262.5,5246087.5,1116.250000000001
588262.5,5246087.5,1088.750000000001
588312.5,5246137.5,1088.750000000001
588312.5,5246137.5,1061.250000000001
588355.9526053709,5246180.95260537,1056.4485772719408
588362.5,5246187.5,1033.750000000001
588362.5,5246187.5,1006.2500000000008
588412.5,5246237.5,1006.2500000000008
588412.5,5246237.5,978.7500000000007
588412.5,5246280.570366584,973.6682688278444
588412.5,5246287.5,951.2500000000007
588462.5,5246337.5,951.2500000000007
588512.5,5246337.5,951.2500000000007
588462.5,5246437.5,951.2500000000007
588412.5,5246537.5,951.2500000000007
588409.408738266,5246603.091261734,951.2500000000007
588402.9547007588,5246664.331025134,951.2500000000007
588412.5,5246737.5,951.2500000000007
588462.5,5246737.5,951.2500000000007
588512.5,5246737.5,951.2500000000007
588612.5,5246687.5,951.2500000000007
588662.5,5246687.5,951.2500000000007
588715.7799543104,5246690.193725773,951.2500000000007
588766.0410849157,5246690.250505334,951.2959269537128
588779.8806361513,5246685.066345965,951.3985974670425
588835.7490923437,5246667.712041949,951.4329012774069
588882.6343762361,5246637.5,953.0063832342838
588912.5,5246639.295610587,962.0073438588471
588912.9913683651,5246654.895463397,978.7500000000007
588914.4379494991,5246691.0518616075,983.6318637795205
588923.0210138587,5246706.73575889,1000.9936087509526
588932.890760394,5246730.489684581,1004.482156538639
588962.5,5246737.5,1006.2500000000008
588962.5,5246737.5,1033.750000000001
